Chanakyapuri,28.5946775,77.1885212,Samawar - The Coffee Shop,28.597267,77.191812,Diner,568bb2ad498e81914839e963,0
Delhi Cantonment,28.56069055,77.1607907316857,Sartoria,28.558936931298675,77.16418175670036,Italian Restaurant,4bc9e9870687ef3b23bddacc,0
Delhi Cantonment,28.56069055,77.1607907316857,The Piano Man Art Cafe,28.557488459268708,77.16397904994379,Café,50a74456e4b0f0765f66162e,0
Delhi Cantonment,28.56069055,77.1607907316857,Yo! China,28.557967463265673,77.16426958310775,Chinese Restaurant,4c8618d047cc224b3929a69f,0
Delhi Cantonment,28.56069055,77.1607907316857,McDonald's,28.557372192605847,77.16352104853003,Fast Food Restaurant,4d4519741928a35d6838c070,0
Delhi Cantonment,28.56069055,77.1607907316857,KFC,28.55747664357695,77.16408898760389,Fast Food Restaurant,4c922da6ae45224b13e2ed97,0
Delhi Cantonment,28.56069055,77.1607907316857,Dunkin' Donuts,28.557533257995065,77.16416294618206,Donut Shop,52f5e471498ea44f8b02b569,0
Delhi Cantonment,28.56069055,77.1607907316857,Barista Lavazza,28.559193975714376,77.1638535218248,Café,4d2d3297ae3a8cfa156dc370,0
Delhi Cantonment,28.56069055,77.1607907316857,Kylin,28.561145314865772,77.1575595297581,Asian Restaurant,4b9d2871f964a520de9436e3,0
Delhi Cantonment,28.56069055,77.1607907316857,The Asia Kitchen,28.558754559236927,77.164036594055,Chinese Restaurant,4ee488dbe4b0387f9188362d,0
Delhi Cantonment,28.56069055,77.1607907316857,Nirula's,28.558970619906066,77.16386475506732,Fast Food Restaurant,4e68f9b3d4c0c570908aaba5,0
Delhi Cantonment,28.56069055,77.1607907316857,"New CCD,Priya complex",28.558828516131314,77.16390407140779,Café,51890fe7498e3c5f2b22c023,0
Delhi Cantonment,28.56069055,77.1607907316857,Soi Thai,28.557990135721834,77.1638535218248,Thai Restaurant,4ff54f6ae4b01992a9d2ca21,0
Delhi Cantonment,28.56069055,77.1607907316857,Barrels,28.55771890323536,77.164297234098,Restaurant,52ea1e51498e7cfc729754f8,0
Delhi Cantonment,28.56069055,77.1607907316857,Pizza Hut,28.557583100925026,77.16407127370172,Pizza Place,4dc3b6a1d164eb9c9fc2b4bc,0
Delhi Cantonment,28.56069055,77.1607907316857,krips,28.55735969543457,77.1640625,Indian Restaurant,535cac31498ed263b06e9b6a,0
Vasant Vihar,28.56069055,77.1607907316857,Sartoria,28.558936931298675,77.16418175670036,Italian Restaurant,4bc9e9870687ef3b23bddacc,0
Vasant Vihar,28.56069055,77.1607907316857,The Piano Man Art Cafe,28.557488459268708,77.16397904994379,Café,50a74456e4b0f0765f66162e,0
Vasant Vihar,28.56069055,77.1607907316857,Yo! China,28.557967463265673,77.16426958310775,Chinese Restaurant,4c8618d047cc224b3929a69f,0
Vasant Vihar,28.56069055,77.1607907316857,McDonald's,28.557372192605847,77.16352104853003,Fast Food Restaurant,4d4519741928a35d6838c070,0
Vasant Vihar,28.56069055,77.1607907316857,KFC,28.55747664357695,77.16408898760389,Fast Food Restaurant,4c922da6ae45224b13e2ed97,0
Vasant Vihar,28.56069055,77.1607907316857,Dunkin' Donuts,28.557533257995065,77.16416294618206,Donut Shop,52f5e471498ea44f8b02b569,0
Vasant Vihar,28.56069055,77.1607907316857,Barista Lavazza,28.559193975714376,77.1638535218248,Café,4d2d3297ae3a8cfa156dc370,0
Vasant Vihar,28.56069055,77.1607907316857,Kylin,28.561145314865772,77.1575595297581,Asian Restaurant,4b9d2871f964a520de9436e3,0
Vasant Vihar,28.56069055,77.1607907316857,The Asia Kitchen,28.558754559236927,77.164036594055,Chinese Restaurant,4ee488dbe4b0387f9188362d,0
Vasant Vihar,28.56069055,77.1607907316857,Nirula's,28.558970619906066,77.16386475506732,Fast Food Restaurant,4e68f9b3d4c0c570908aaba5,0
Vasant Vihar,28.56069055,77.1607907316857,"New CCD,Priya complex",28.558828516131314,77.16390407140779,Café,51890fe7498e3c5f2b22c023,0
Vasant Vihar,28.56069055,77.1607907316857,Soi Thai,28.557990135721834,77.1638535218248,Thai Restaurant,4ff54f6ae4b01992a9d2ca21,0
Vasant Vihar,28.56069055,77.1607907316857,Barrels,28.55771890323536,77.164297234098,Restaurant,52ea1e51498e7cfc729754f8,0
Vasant Vihar,28.56069055,77.1607907316857,Pizza Hut,28.557583100925026,77.16407127370172,Pizza Place,4dc3b6a1d164eb9c9fc2b4bc,0
Vasant Vihar,28.56069055,77.1607907316857,krips,28.55735969543457,77.1640625,Indian Restaurant,535cac31498ed263b06e9b6a,0
Connaught Place,28.6313827,77.2197924,Wenger's,28.633411895746676,77.21829192902194,Bakery,4e4e44902271a1bdc3ccee8d,0
Connaught Place,28.6313827,77.2197924,Farzi Cafe,28.632580798842707,77.22112484247755,Molecular Gastronomy Restaurant,568feb91498edb833d755933,0
Connaught Place,28.6313827,77.2197924,Chaayos,28.631628538643216,77.22036426182864,Café,56adb1f8498e9db1d6bb16ed,0
Connaught Place,28.6313827,77.2197924,Rajdhani Thali,28.62999946326596,77.2204011327264,Indian Restaurant,4cbb2592dd41a35df95eeca0,0
Connaught Place,28.6313827,77.2197924,Johnny Rockets,28.630457,77.219594,Bistro,571a5505498ef32d7975392f,0
Connaught Place,28.6313827,77.2197924,United Coffee House,28.63247672337289,77.2211199789975,Indian Restaurant,4b59921bf964a520fe8c28e3,0
Connaught Place,28.6313827,77.2197924,Nando's,28.630946673402416,77.21972076414269,Portuguese Restaurant,546c88c6498eda3fbfdaac96,0
Connaught Place,28.6313827,77.2197924,Khan Chacha | खान चाचा | خان چاچا,28.634202294199614,77.22077980678422,Indian Restaurant,4f0f00a7e4b07eb2379b1e1d,0
Connaught Place,28.6313827,77.2197924,Pind Balluchi,28.630318339248806,77.21760032761195,North Indian Restaurant,4c359b0f7cc0c9b6ca33f59a,0
Connaught Place,28.6313827,77.2197924,HOTEL SARAVANA BHAVAN,28.632319466435003,77.21644531748599,South Indian Restaurant,519ba450498eb0c559152d94,0
Connaught Place,28.6313827,77.2197924,Tamasha,28.629663327072745,77.22183483476593,Gastropub,56c6e01ccd10173283f8534e,0
Connaught Place,28.6313827,77.2197924,Barbeque Nation,28.63025338767433,77.22098501777461,BBQ Joint,51338004e4b099a3a7233bdc,0
Connaught Place,28.6313827,77.2197924,Berco's,28.63240704948879,77.2173230839724,Chinese Restaurant,4b5c78e9f964a5206f3129e3,0
Connaught Place,28.6313827,77.2197924,Nizam's Kathi Kabab | निजा़म काठी कबाब,28.634857957123064,77.21946245007211,Indian Restaurant,4bf107ab24f020a1e0a8684f,0
Connaught Place,28.6313827,77.2197924,Odeon Social,28.634414197963707,77.22093550978948,Café,569b32b5498ef7c4152b45fb,0
Connaught Place,28.6313827,77.2197924,Immigrants Project - A Cafe in History,28.634055048338602,77.21886681496603,Café,54440189498e4795b1111834,0
Connaught Place,28.6313827,77.2197924,Sagar Ratna,28.635487253836967,77.22064969494076,Indian Restaurant,4cb876d7f50e224bd2d6e6fb,0
Connaught Place,28.6313827,77.2197924,Warehouse Cafe,28.63372638697029,77.22102407638606,Café,517018aae4b068bd5f589772,0
Connaught Place,28.6313827,77.2197924,Wenger's Deli,28.633657990718326,77.21813923616,Deli / Bodega,517cfc0de4b0a366cd2ba325,0
Connaught Place,28.6313827,77.2197924,Fresc Co,28.628415028106655,77.21954938989002,Italian Restaurant,4cc2acc9d43ba143e2535af8,0
Connaught Place,28.6313827,77.2197924,Dunkin' Donuts,28.630181868375203,77.21962210391595,Donut Shop,4fae55f3e4b047f11d17675f,0
Connaught Place,28.6313827,77.2197924,Anand Biryani House,28.62913638616433,77.22012996193826,Indian Restaurant,4dc7fe1ac65b89d3caab5cb5,0
Connaught Place,28.6313827,77.2197924,Chew,28.632001527203066,77.22270642208512,Asian Restaurant,52e226ef498e7591ee3213db,0
Connaught Place,28.6313827,77.2197924,Shake square,28.6334059730543,77.218759059906,Café,4f86bca5bb3dda253d82c200,0
Connaught Place,28.6313827,77.2197924,Costa Coffee,28.63173491632254,77.21840646471269,Café,4da014eb5970b1f7f436521e,0
Connaught Place,28.6313827,77.2197924,Panchayat Paan Parlour,28.634073264989183,77.22264498769991,Indian Restaurant,4e74eae8b61c22c637f1b409,0
Connaught Place,28.6313827,77.2197924,Garam Dharam,28.631842130012696,77.2227521244348,North Indian Restaurant,55efea56498e81742081ade3,0
Connaught Place,28.6313827,77.2197924,Smoke House Deli,28.633764,77.221405,Deli / Bodega,580a6d0738fa3e233b7c0045,0
Connaught Place,28.6313827,77.2197924,Kwality Restaurant,28.629743645035568,77.21743130219578,Indian Restaurant,4b79606ef964a52089f62ee3,0
Connaught Place,28.6313827,77.2197924,Burger King,28.632828449172408,77.22132551263886,Fast Food Restaurant,548a6de3498ecb54da9adac2,0
Connaught Place,28.6313827,77.2197924,"Zen Chinese, Connaught Place",28.633657822271832,77.21949493258369,Chinese Restaurant,4d4ff7bec305b60cd151811e,0
Connaught Place,28.6313827,77.2197924,McDonald’s,28.630025692987704,77.21992785933003,Fast Food Restaurant,51e9fa26498e37a9f6201d78,0
Connaught Place,28.6313827,77.2197924,Japanese Fuji Restaurant,28.63309875268639,77.2221218013156,Japanese Restaurant,547b43fa498eaea3bee44d97,0
Connaught Place,28.6313827,77.2197924,Haldiram's,28.63422999171808,77.22233494432798,Indian Restaurant,4badb775f964a520ea643be3,0
Connaught Place,28.6313827,77.2197924,Veda Restaurant,28.635210214696645,77.21807926655758,Indian Restaurant,4b7421c5f964a5204ac92de3,0
Connaught Place,28.6313827,77.2197924,KFC,28.629964794571176,77.22005862719685,Fast Food Restaurant,4c4456ca56a7ef3b153ace21,0
Connaught Place,28.6313827,77.2197924,Domino's Pizza,28.630146349155968,77.21972800195404,Pizza Place,4fcf361de4b0aebeec3c0294,0
Connaught Place,28.6313827,77.2197924,Ignis,28.634227230587555,77.21880056952878,Asian Restaurant,4c83bada51ada1cd2c172810,0
Connaught Place,28.6313827,77.2197924,McDonald's,28.63181064699223,77.21968645853941,Fast Food Restaurant,4cb6fc7ef6616dcb451ee308,0
Connaught Place,28.6313827,77.2197924,McDonald's,28.632365736814616,77.21648256126124,Fast Food Restaurant,4f37860ee4b0156e87994a29,0
Connaught Place,28.6313827,77.2197924,Side Wok,28.632907157973833,77.21633720556096,Chinese Restaurant,4d5bf7ab9c31b60c94acafee,0
Connaught Place,28.6313827,77.2197924,Pizza Hut,28.632165594905885,77.22275328035393,Pizza Place,4c80be1574d7b60c5e0070d8,0
Connaught Place,28.6313827,77.2197924,Depauls Cold Coffee,28.629033883785702,77.21866616564309,Café,4b9f365df964a520241837e3,0
Connaught Place,28.6313827,77.2197924,Punjabi by Nature Quickie,28.630863493093397,77.21977972293753,North Indian Restaurant,52b99f7c498e9f08101266d3,0
Connaught Place,28.6313827,77.2197924,Kake-Da-Hotel,28.634710714433357,77.22201573164016,Indian Restaurant,4e54ae3ba8093d27cca8aabd,0
Connaught Place,28.6313827,77.2197924,Comesum,28.632658004760742,77.21968841552734,Snack Place,5130c448e4b04a7c61031da9,0
Connaught Place,28.6313827,77.2197924,McDonald's,28.634081907973634,77.21920575361753,Fast Food Restaurant,4dbcce3ef7b1ab37dd690677,0
Connaught Place,28.6313827,77.2197924,Domino's Pizza,28.63330076041656,77.22279585941382,Pizza Place,4df9cd4a31511eed7f147997,0
Connaught Place,28.6313827,77.2197924,Indian Coffee House,28.630755930400426,77.21605434631832,Café,4c347c9a213c2d7faf81385d,0
Connaught Place,28.6313827,77.2197924,Minar,28.63475114674571,77.22197132533496,Indian Restaurant,4ee0e3d59adf58ec9e4a142f,0
Connaught Place,28.6313827,77.2197924,Fa Yian,28.632793282499158,77.21718821209873,Chinese Restaurant,4bfd4ffab68d0f476592e857,0
Connaught Place,28.6313827,77.2197924,Gola Sizzlers,28.63518246137902,77.21985990076243,BBQ Joint,511912ece4b0cd23769dc008,0
Connaught Place,28.6313827,77.2197924,FIRE,28.628737183341777,77.21649767623988,Indian Restaurant,50cb475be4b01c69dbc4eca3,0
Connaught Place,28.6313827,77.2197924,Biryani Paradise,28.631388,77.216448,Hyderabadi Restaurant,5685691d498eee449e7d6908,0
Connaught Place,28.6313827,77.2197924,MIST,28.628720062553807,77.21629222049741,Italian Restaurant,4c5a6b61ec2520a1618b5112,0
Connaught Place,28.6313827,77.2197924,Lady Baga,28.631674,77.21623,Restaurant,5881e608ac13691c906cfa3b,0
Connaught Place,28.6313827,77.2197924,Caffe9,28.632799163931764,77.21655943164352,Indian Restaurant,536fb021498ea7adb35a75be,0
Connaught Place,28.6313827,77.2197924,G,28.63127367409223,77.21608784410734,Indian Restaurant,4e8334e902d58d31af5b663d,0
Connaught Place,28.6313827,77.2197924,Fifty9,28.63380617562755,77.21719382619487,Restaurant,4f0812e5e4b06fab18fd5ed7,0
Connaught Place,28.6313827,77.2197924,SIDEWOK,28.63290564755596,77.21640223600714,Chinese Restaurant,4eeb625299119cf9ce0e3cd9,0
Connaught Place,28.6313827,77.2197924,The Great Kabab Factory,28.633825870064385,77.21708715832257,Indian Restaurant,4d4c18de9bbb721eef208fa0,0
Connaught Place,28.6313827,77.2197924,China Garden,28.634342320913373,77.2173903193919,Chinese Restaurant,53c16329498e502089abc852,0
Connaught Place,28.6313827,77.2197924,"Hira Sweets, CP",28.635157468979756,77.21998961294145,Diner,504b6bb7e4b011fb609eeae8,0
Connaught Place,28.6313827,77.2197924,The Darzi Bar & Kitchen,28.635185,77.219436,Multicuisine Indian Restaurant,58e9209c469aef21458c8be1,0
Connaught Place,28.6313827,77.2197924,Pioneer's Flavour of China,28.6351857217094,77.21940279006958,Chinese Restaurant,5052141945b0242074b24051,0
Connaught Place,28.6313827,77.2197924,Zizo,28.635219893759988,77.22000084086731,Falafel Restaurant,53ee3191498ee7207e1a2dcb,0
Connaught Place,28.6313827,77.2197924,Sandoz CP,28.632894,77.215702,North Indian Restaurant,5805038038fa153aca5f0a1c,0
Connaught Place,28.6313827,77.2197924,Flavours Of China,28.634668,77.217381,Chinese Restaurant,51bb3548498e59d6e62b019e,0
Model Town,28.7027391,77.1940059,Pentamed Canteen,28.699219972029947,77.19174820097714,Snack Place,4b9291cdf964a5204a0534e3,0
Model Town,28.7027391,77.1940059,Hot-Pot,28.702269485589042,77.19757654834768,Food Truck,4be5440abcef2d7fb89a03e5,0
Model Town,28.7027391,77.1940059,Dunkin Donuts,28.705036830843877,77.19006901993055,Donut Shop,50e5aa40e4b04630d3d52240,0
Model Town,28.7027391,77.1940059,Pizza Hut,28.699932838104072,77.19741371246307,Pizza Place,4e0f476a1f6e9964ea2b45c6,0
Model Town,28.7027391,77.1940059,Domino's Pizza,28.704,77.19,Pizza Place,4bfa31284a67c928d9f227cf,0
Model Town,28.7027391,77.1940059,McDonald's,28.70563888314002,77.19014763530008,Fast Food Restaurant,4c9117b8ae45224b14f1e497,0
Model Town,28.7027391,77.1940059,Grand Plaza,28.704231883359686,77.18931952920994,Restaurant,4dc29ed9d22dd7df9aac7768,0
Rohini,28.7162092,77.1170743,Haldiram's,28.716037765671604,77.11628248182228,Indian Restaurant,4e6b56fb52b1c1206032ae34,0
Rohini,28.7162092,77.1170743,McDonald's,28.71565581613347,77.11561383552747,Burger Joint,4fb79c4ce4b09ac92a7faaa2,0
Rohini,28.7162092,77.1170743,KFC UnityOne Mall Rohini,28.714914,77.11611,Fried Chicken Joint,58a07e9a0b7e937af7ec4aa2,0
Rohini,28.7162092,77.1170743,Nine 2 Eleven,28.716432,77.118286,Chinese Restaurant,50c9faf7e4b0c5183bd96171,0
Rohini,28.7162092,77.1170743,New York Creamery & Cafe,28.716687,77.114362,Café,4f1d8dd4e4b0ce22e7abdbcc,0
Rohini,28.7162092,77.1170743,Blue Moon Restaurant,28.71622487994351,77.11396186984702,Indian Restaurant,52df933e11d207a2344338a8,0
Kanjhawala,28.4772236,77.0832762,Haldirams,28.480683564363655,77.08020016769409,Indian Restaurant,4bd1660dcaff9521f09cd0f0,0
Kanjhawala,28.4772236,77.0832762,Dunkin' Donuts,28.478283,77.082483,Donut Shop,57750690498ec9de51b2a93c,0
Kanjhawala,28.4772236,77.0832762,McDonald's,28.47946637644381,77.08189895304325,Fast Food Restaurant,51c085c5498ec135e7815e05,0
Kanjhawala,28.4772236,77.0832762,Bisque,28.480823563165522,77.0857451994706,Bakery,4bf64520d4cdb713775184fe,0
Kanjhawala,28.4772236,77.0832762,Domino's Pizza,28.479,77.08,Pizza Place,4f2e30ebe4b0124ab94a2ccd,0
Kanjhawala,28.4772236,77.0832762,TGI Friday's,28.480168484227956,77.08064422498643,American Restaurant,4ba91e52f964a520e40c3ae3,0
Kanjhawala,28.4772236,77.0832762,KFC,28.4795915785749,77.08066507659463,Fried Chicken Joint,53ae8355498e1da25de2d8b3,0
Kanjhawala,28.4772236,77.0832762,Burger King,28.479521375653697,77.08048889786397,Fast Food Restaurant,557a8a88498ea2a1fab22aa9,0
Kanjhawala,28.4772236,77.0832762,Pizza Hut,28.479407325188028,77.08089904024597,Pizza Place,4c3988c493db0f47a2a42392,0
Kanjhawala,28.4772236,77.0832762,Haldiram's @ Sahara Mall,28.48002199086576,77.08684114369547,Indian Restaurant,4cd5283aa5b3468813368c50,0
Kanjhawala,28.4772236,77.0832762,Coriander Leaf,28.477865870101976,77.08101401231104,Indian Restaurant,4b8a9231f964a520c87232e3,0
Kanjhawala,28.4772236,77.0832762,McDonald's,28.480215382061637,77.08032376591501,Fast Food Restaurant,4e1467ec88777cd5da3353e5,0
Kanjhawala,28.4772236,77.0832762,Salsa Salsa,28.47980524792187,77.08666742708522,Mexican Restaurant,4cd57c3d122ba1434a5d2ca1,0
Kanjhawala,28.4772236,77.0832762,Not Just Paranthas,28.479072893177406,77.0808294082814,Indian Restaurant,4bc5f5eddb8fa593347e9b37,0
Kanjhawala,28.4772236,77.0832762,The Chowk,28.480647323525407,77.08019479712137,Indian Restaurant,4c0284db39d476b052b82ea7,0
Kanjhawala,28.4772236,77.0832762,Ruby's Bar & Grill,28.479243599556046,77.08080536495028,American Restaurant,4c5598cfca8e76b0087f28df,0
Kanjhawala,28.4772236,77.0832762,Baujee Ka Dhaba,28.480276229779474,77.08026140161256,Indian Restaurant,4e61104718a8ce02fc3d9078,0
Kanjhawala,28.4772236,77.0832762,TGIF Metropolitan Mall,28.479885042500644,77.08055806170142,African Restaurant,4ce6b5c9948f224b0d90e55d,0
Kanjhawala,28.4772236,77.0832762,"Rajdhani Thali - Metropolitian Mall, Gurgoan",28.480659504636225,77.08022811506369,Indian Restaurant,4cffabff6923721e14a5c03b,0
Kanjhawala,28.4772236,77.0832762,Moet's Curry Pot,28.48109511734441,77.08561346054279,Indian Restaurant,4bc5852069369521f62a8488,0
Saraswati Vihar,28.4772236,77.0832762,Haldirams,28.480683564363655,77.08020016769409,Indian Restaurant,4bd1660dcaff9521f09cd0f0,0
Saraswati Vihar,28.4772236,77.0832762,Dunkin' Donuts,28.478283,77.082483,Donut Shop,57750690498ec9de51b2a93c,0
Saraswati Vihar,28.4772236,77.0832762,McDonald's,28.47946637644381,77.08189895304325,Fast Food Restaurant,51c085c5498ec135e7815e05,0
Saraswati Vihar,28.4772236,77.0832762,Bisque,28.480823563165522,77.0857451994706,Bakery,4bf64520d4cdb713775184fe,0
Saraswati Vihar,28.4772236,77.0832762,Domino's Pizza,28.479,77.08,Pizza Place,4f2e30ebe4b0124ab94a2ccd,0
Saraswati Vihar,28.4772236,77.0832762,TGI Friday's,28.480168484227956,77.08064422498643,American Restaurant,4ba91e52f964a520e40c3ae3,0
Saraswati Vihar,28.4772236,77.0832762,KFC,28.4795915785749,77.08066507659463,Fried Chicken Joint,53ae8355498e1da25de2d8b3,0
Saraswati Vihar,28.4772236,77.0832762,Burger King,28.479521375653697,77.08048889786397,Fast Food Restaurant,557a8a88498ea2a1fab22aa9,0
Saraswati Vihar,28.4772236,77.0832762,Pizza Hut,28.479407325188028,77.08089904024597,Pizza Place,4c3988c493db0f47a2a42392,0
Saraswati Vihar,28.4772236,77.0832762,Haldiram's @ Sahara Mall,28.48002199086576,77.08684114369547,Indian Restaurant,4cd5283aa5b3468813368c50,0
Saraswati Vihar,28.4772236,77.0832762,Coriander Leaf,28.477865870101976,77.08101401231104,Indian Restaurant,4b8a9231f964a520c87232e3,0
Saraswati Vihar,28.4772236,77.0832762,McDonald's,28.480215382061637,77.08032376591501,Fast Food Restaurant,4e1467ec88777cd5da3353e5,0
Saraswati Vihar,28.4772236,77.0832762,Salsa Salsa,28.47980524792187,77.08666742708522,Mexican Restaurant,4cd57c3d122ba1434a5d2ca1,0
Saraswati Vihar,28.4772236,77.0832762,Not Just Paranthas,28.479072893177406,77.0808294082814,Indian Restaurant,4bc5f5eddb8fa593347e9b37,0
Saraswati Vihar,28.4772236,77.0832762,The Chowk,28.480647323525407,77.08019479712137,Indian Restaurant,4c0284db39d476b052b82ea7,0
Saraswati Vihar,28.4772236,77.0832762,Ruby's Bar & Grill,28.479243599556046,77.08080536495028,American Restaurant,4c5598cfca8e76b0087f28df,0
Saraswati Vihar,28.4772236,77.0832762,Baujee Ka Dhaba,28.480276229779474,77.08026140161256,Indian Restaurant,4e61104718a8ce02fc3d9078,0
Saraswati Vihar,28.4772236,77.0832762,TGIF Metropolitan Mall,28.479885042500644,77.08055806170142,African Restaurant,4ce6b5c9948f224b0d90e55d,0
Saraswati Vihar,28.4772236,77.0832762,"Rajdhani Thali - Metropolitian Mall, Gurgoan",28.480659504636225,77.08022811506369,Indian Restaurant,4cffabff6923721e14a5c03b,0
Saraswati Vihar,28.4772236,77.0832762,Moet's Curry Pot,28.48109511734441,77.08561346054279,Indian Restaurant,4bc5852069369521f62a8488,0
Patel Nagar,28.6598088,77.156957,Cafe Coffee Day,28.662752421383587,77.15463067200761,Café,4c2444cb136d20a12ca6e161,0
Punjabi Bagh,28.6421518,77.1160603776926,Pirates of The Grill,28.64437068780949,77.11167380352475,BBQ Joint,4e342f6088772aabd8b494dd,0
Punjabi Bagh,28.6421518,77.1160603776926,sardar ji malai chaap wale,28.642816557335692,77.11379891961627,Indian Restaurant,511b8c34e4b078bba213da58,0
Punjabi Bagh,28.6421518,77.1160603776926,Street food near Cyber Park,28.642842383426053,77.11373149186973,Food Truck,53876fa5498ee62a2ca7c1cc,0
Punjabi Bagh,28.6421518,77.1160603776926,Gulati Bakers,28.642845551252723,77.11368443285333,Bakery,4e131d5422713f7d7bdf89ae,0
Rajouri Garden,28.6421518,77.1160603776926,Pirates of The Grill,28.64437068780949,77.11167380352475,BBQ Joint,4e342f6088772aabd8b494dd,0
Rajouri Garden,28.6421518,77.1160603776926,sardar ji malai chaap wale,28.642816557335692,77.11379891961627,Indian Restaurant,511b8c34e4b078bba213da58,0
Rajouri Garden,28.6421518,77.1160603776926,Street food near Cyber Park,28.642842383426053,77.11373149186973,Food Truck,53876fa5498ee62a2ca7c1cc,0
Rajouri Garden,28.6421518,77.1160603776926,Gulati Bakers,28.642845551252723,77.11368443285333,Bakery,4e131d5422713f7d7bdf89ae,0
Najafgarh,28.527295,77.0823049,Dilli 99 Restaurent,28.525318233040633,77.0837517912787,Restaurant,5bfa5073b3c961002bfa39d3,0
Najafgarh,28.527295,77.0823049,Doodles Cakes,28.527454,77.08567,Bakery,5a2d244d93bd63558186ac78,0
Najafgarh,28.527295,77.0823049,doodles,28.528286,77.086297,Bakery,583d5af25a5869381a89396d,0
Najafgarh,28.527295,77.0823049,Cheese chaplin,28.524491073793655,77.07865830614742,Pizza Place,4f4237aee4b062d5cd8b2e07,0
Kapashera,28.527295,77.0823049,Dilli 99 Restaurent,28.525318233040633,77.0837517912787,Restaurant,5bfa5073b3c961002bfa39d3,0
Kapashera,28.527295,77.0823049,Doodles Cakes,28.527454,77.08567,Bakery,5a2d244d93bd63558186ac78,0
Kapashera,28.527295,77.0823049,doodles,28.528286,77.086297,Bakery,583d5af25a5869381a89396d,0
Kapashera,28.527295,77.0823049,Cheese chaplin,28.524491073793655,77.07865830614742,Pizza Place,4f4237aee4b062d5cd8b2e07,0
Saket,28.5244107,77.2137253,Dakshin,28.526670435481606,77.21608102688685,Indian Restaurant,4fb5d360e4b06101e9ee6dba,0
Saket,28.5244107,77.2137253,Hard Rock Cafe New Delhi,28.5272184,77.217124,American Restaurant,4b8fda02f964a520896533e3,0
Saket,28.5244107,77.2137253,Mahabelly,28.527303103925483,77.2167995021076,Restaurant,55262376498e3c991196b070,0
Saket,28.5244107,77.2137253,"Baywatch, Sheraton Saket",28.526675159354582,77.21596255986857,Café,4c6e69fd4d24b60c1b82d8d8,0
Saket,28.5244107,77.2137253,Rajdhani Thali,28.52767197017891,77.21708154422136,Asian Restaurant,51f553b7498e3d7f915d504e,0
Saket,28.5244107,77.2137253,Barbeque Nation Saket,28.52740574313093,77.21718490966313,Indian Restaurant,518d1338498e9eba21ec9c00,0
Saket,28.5244107,77.2137253,Pan Asian,28.52690814796202,77.21608368543805,Chinese Restaurant,4d84e916e83fa143ab3c6ea1,0
Saket,28.5244107,77.2137253,Chili's,28.52846206934754,77.2159125618368,Tex-Mex Restaurant,5325c75d498ee8c0b04f035b,0
Saket,28.5244107,77.2137253,Yo China Cafe,28.527932101839266,77.21678961059109,Chinese Restaurant,522454ea11d295d4e3a6bd25,0
Saket,28.5244107,77.2137253,Dhaba,28.52765919369101,77.21721066848171,Indian Restaurant,52adddf911d203bc1b0865e1,0
Hauz Khas,28.5218262,77.1783232,Thai High,28.522127097129164,77.1818314461584,Thai Restaurant,4b5c0453f964a520562129e3,0
Hauz Khas,28.5218262,77.1783232,Tonino Ristorante,28.521796040000677,77.17758178710938,Restaurant,5110b3d7f136c3c0ec34787c,0
Hauz Khas,28.5218262,77.1783232,lavaash by Saby,28.522356058839634,77.18180850514409,Restaurant,565c6f7338fae3467c01bd9e,0
Hauz Khas,28.5218262,77.1783232,THAI HIGH at the Qutab,28.522637372883246,77.18235075473785,Thai Restaurant,5298bdb211d211195ee7dd0a,0
Mehrauli,28.5218262,77.1783232,Thai High,28.522127097129164,77.1818314461584,Thai Restaurant,4b5c0453f964a520562129e3,0
Mehrauli,28.5218262,77.1783232,Tonino Ristorante,28.521796040000677,77.17758178710938,Restaurant,5110b3d7f136c3c0ec34787c,0
Mehrauli,28.5218262,77.1783232,lavaash by Saby,28.522356058839634,77.18180850514409,Restaurant,565c6f7338fae3467c01bd9e,0
Mehrauli,28.5218262,77.1783232,THAI HIGH at the Qutab,28.522637372883246,77.18235075473785,Thai Restaurant,5298bdb211d211195ee7dd0a,0
Defence Colony,28.5717909,77.2320102,Sagar South Indian Restaurant,28.573392633956587,77.23029286074349,South Indian Restaurant,4b908e16f964a520cd8f33e3,0
Defence Colony,28.5717909,77.2320102,Swagath Restaurant & Bar,28.573488628580655,77.23018334548219,Indian Restaurant,4bd2b0c077b29c74f6408f82,0
Defence Colony,28.5717909,77.2320102,Amici Cafe,28.573747782505524,77.23017769336003,Italian Restaurant,506af99be4b034070c8e9f72,0
Defence Colony,28.5717909,77.2320102,Moets Stone,28.573238361371025,77.23053722007795,Italian Restaurant,4bacde26f964a520bb133be3,0
Defence Colony,28.5717909,77.2320102,Brown sugar,28.573646481336336,77.23029155517776,Café,4cece8677db3224bcbe21e2e,0
Defence Colony,28.5717909,77.2320102,Colonel's Kababz,28.574008745531483,77.23048985381021,Indian Restaurant,4be0578c2aed2d7f1100c86f,0
Defence Colony,28.5717909,77.2320102,Defence Colony Bakery,28.573774427297202,77.2302969610191,Bakery,4c00db23ad15a593a18b8e73,0
Defence Colony,28.5717909,77.2320102,Angels In My Kitchen,28.574022931310232,77.22985854796937,Bakery,4dc2c5591f6ebdce47302bc0,0
Defence Colony,28.5717909,77.2320102,subway,28.57368467591628,77.23027955927446,Sandwich Place,4b98c940f964a520834f35e3,0
Defence Colony,28.5717909,77.2320102,Moets Sizzlers,28.573136695769623,77.23043086780952,Restaurant,4c02a0700d0e0f476a5f019a,0
Defence Colony,28.5717909,77.2320102,Ca Va,28.573699326234482,77.23003256615756,Italian Restaurant,4c57f562744a0f47af0ccacb,0
Defence Colony,28.5717909,77.2320102,Kent's,28.574091303850583,77.23045544798215,Burger Joint,4b98ed3bf964a520b15635e3,0
Defence Colony,28.5717909,77.2320102,Sagar Ratna,28.57283887863218,77.23060369491576,Indian Restaurant,4c4e4a9afa9d9521593a400a,0
Defence Colony,28.5717909,77.2320102,Akasaka,28.573008,77.230377,Noodle House,4de3aa7b8877bcb68660c14d,0
Defence Colony,28.5717909,77.2320102,Kathputli,28.573695,77.23027,Rajasthani Restaurant,5468d395498eab297771ebde,0
Defence Colony,28.5717909,77.2320102,Liquid Kitchen,28.573906986208744,77.230313,Indian Restaurant,4be42d87910020a1f750d114,0
Defence Colony,28.5717909,77.2320102,Little Dragon Chinese Van,28.573691320543972,77.22852814237433,Food Truck,4c7d2dfd5af8b60c64c08e10,0
Defence Colony,28.5717909,77.2320102,Yoko Sizzlers,28.575624,77.229576,Steakhouse,4ce800e6595cb1f7440ec614,0
Kalkaji,28.5334785,77.2935232,Barista,28.535493019793964,77.29297659133974,Café,4c0523790d0e0f4725dc049a,0
Kalkaji,28.5334785,77.2935232,Cafe Coffee Day,28.53512750170145,77.29109503900584,Café,4c0523f7187ec928c7f5b77b,0
Kalkaji,28.5334785,77.2935232,Grill & Fire,28.535571896234014,77.29015448534662,Café,4f23b495e4b0fd18370ff346,0
Sarita Vihar,28.5334785,77.2935232,Barista,28.535493019793964,77.29297659133974,Café,4c0523790d0e0f4725dc049a,0
Sarita Vihar,28.5334785,77.2935232,Cafe Coffee Day,28.53512750170145,77.29109503900584,Café,4c0523f7187ec928c7f5b77b,0
Sarita Vihar,28.5334785,77.2935232,Grill & Fire,28.535571896234014,77.29015448534662,Café,4f23b495e4b0fd18370ff346,0
Kotwali,28.6585978,77.2310844,Haldiram's,28.656288944079645,77.23170543090595,Snack Place,4bd3bd8a77b29c748da49182,0
Kotwali,28.6585978,77.2310844,Parawthe Wale,28.65603318700734,77.23050001546382,Indian Restaurant,4c93306a1221b1f74be217e2,0
Kotwali,28.6585978,77.2310844,Babu Ram Paranthe Wale,28.655820126621173,77.23044812679291,Indian Restaurant,4efee7926c25c5ce80687528,0
Kotwali,28.6585978,77.2310844,McDonald's,28.661166313684927,77.22759628817572,Fast Food Restaurant,51eaa20f498e80fbae1b7d0c,0
Kotwali,28.6585978,77.2310844,Pt. Gaya Prasad Shiv Charan Paranthewale | पंडित गया प्रसाद शिव चरण परांठे वाले,28.656027192178698,77.23043753835134,Indian Restaurant,4c447da1f97fbe9a8738bb30,0
Kotwali,28.6585978,77.2310844,Natraj | नटराज,28.656357336560394,77.23058723790143,Snack Place,4e4fb253d22daf51d278ccb2,0
Kotwali,28.6585978,77.2310844,McDonald's,28.66128895525179,77.22716404005617,Fast Food Restaurant,4da5398243a17958be9ff196,0
Kotwali,28.6585978,77.2310844,McDonald's,28.656161882924813,77.23420838244962,Fast Food Restaurant,4d6776a78f70a0935c0b1335,0
Kotwali,28.6585978,77.2310844,Ganga Bhojnayala,28.6561928700265,77.2304423499098,Indian Restaurant,4e74730bd22d80eb32be2ded,0
Kotwali,28.6585978,77.2310844,Pt. Kanhaiya Lal Durga Prashad Dixit Parawthe Wala,28.656108981032254,77.2304648037729,Indian Restaurant,4f16652ce4b0044a282c4a46,0
Kotwali,28.6585978,77.2310844,Wah Ji Wah,28.656298858067792,77.23308064958253,Vegetarian / Vegan Restaurant,4f3500afe4b064bef302578d,0
Kotwali,28.6585978,77.2310844,Old Famous Jalebi Waala,28.6560115814209,77.23360443115234,Indian Restaurant,53b809d0498e3a0a0d2eb36f,0
Kotwali,28.6585978,77.2310844,Comesum,28.660668497816566,77.22781022853489,Restaurant,4c9121177088a1431161ae43,0
Civil Lines,28.6529982,77.1890227,Om corner,28.65409021041357,77.18995671227675,Snack Place,4e59dae3483b865169e565b3,0
Civil Lines,28.6529982,77.1890227,"Wah Ji Wah,",28.65392946173905,77.1898893276069,Fast Food Restaurant,4e5122d8b61cf637a50c198e,0
Civil Lines,28.6529982,77.1890227,Subway,28.652046114512544,77.19127070568658,Sandwich Place,4da31ee7b3e7236ac9c52b79,0
Civil Lines,28.6529982,77.1890227,Sindhi tikki corner,28.655118727083533,77.19097137451172,Snack Place,4e197091483b5cfa49d45e08,0
Karol Bagh,28.6529982,77.1890227,Om corner,28.65409021041357,77.18995671227675,Snack Place,4e59dae3483b865169e565b3,0
Karol Bagh,28.6529982,77.1890227,"Wah Ji Wah,",28.65392946173905,77.1898893276069,Fast Food Restaurant,4e5122d8b61cf637a50c198e,0
Karol Bagh,28.6529982,77.1890227,Subway,28.652046114512544,77.19127070568658,Sandwich Place,4da31ee7b3e7236ac9c52b79,0
Karol Bagh,28.6529982,77.1890227,Sindhi tikki corner,28.655118727083533,77.19097137451172,Snack Place,4e197091483b5cfa49d45e08,0
Daryaganj,28.64609,77.243048,Changezi Chicken,28.64375143292846,77.24048581691957,Indian Restaurant,4e4fdefdd4c0b6da5d83cb6d,0
Daryaganj,28.64609,77.243048,Moti Mahal,28.646522533312474,77.24014482739257,Indian Restaurant,4be8453488ed2d7fb1a9cb1d,0
Daryaganj,28.64609,77.243048,Prince Paan,28.64654643631263,77.24017008593643,Restaurant,4c8146f7d92ea093c46e3f72,0
Daryaganj,28.64609,77.243048,Zaika,28.643592,77.240437,Restaurant,4e889e10d22df567103152bb,0
Daryaganj,28.64609,77.243048,Domino's Pizza,28.643,77.241,Pizza Place,559ebd96498eba17e2ff441d,0
Shahdara,28.6773038,77.2903467,New Shahi Food Corner,28.676237,77.29045,Dhaba,550ada6c498e32960d551e11,0
Shahdara,28.6773038,77.2903467,Halidrams,28.675918373532753,77.29012643226184,Vegetarian / Vegan Restaurant,4fddaee1e4b03622b1cfa3d0,0
Shahdara,28.6773038,77.2903467,Morning Corner,28.679894,77.287361,Breakfast Spot,5a3a18d25d891b46f2043375,0
Gandhi Nagar,28.65572225,77.268813153414,Jheel chowk,28.656600179970322,77.2726648898529,Burger Joint,4f26c004e4b02a9500a94aaf,0
Gandhi Nagar,28.65572225,77.268813153414,Chawla chicken.,28.65662577928746,77.27270978146892,Diner,4f215d8fe4b03e010975f702,0
Preet Vihar,28.6133497,77.2955378,Badnam Tea,28.610784814432037,77.29618013222465,Snack Place,4e19bd94183880768f4deb8b,0
Preet Vihar,28.6133497,77.2955378,Eat Out Chinese Van,28.613002240874838,77.29100168534157,Food Truck,4e1dc78bd1640dd252094074,0
Mayur Vihar,28.6133497,77.2955378,Badnam Tea,28.610784814432037,77.29618013222465,Snack Place,4e19bd94183880768f4deb8b,0
Mayur Vihar,28.6133497,77.2955378,Eat Out Chinese Van,28.613002240874838,77.29100168534157,Food Truck,4e1dc78bd1640dd252094074,0
